rainfall,temperature,soil_ph,humidity,fertilizer_usage,yield
146.0934072833945,30.523996704197746,5.361364077004404,70.60827199654557,157.98247563290607,18.94564372127722
95.83176596280785,33.06884907430303,6.391481307994936,85.91110901285113,102.49452890011932,13.084850796124293
158.78968798670738,33.657972354018256,5.535478148673309,54.658353041708466,173.4165226184145,19.326356245210334
134.6052043589046,26.561759728112687,5.596049446409697,57.52933367824895,131.11124256048316,18.685779009723838
44.126602183147426,26.844676950589673,6.843935313878546,78.04251694291413,56.22584114469492,9.821763131581768
176.34335274551339,31.59779698298522,6.221611218082606,61.80540268136529,163.9130183517521,20.924534708400078
144.17095529855294,23.34566175965142,7.596816370402987,74.03837393513385,108.49712671631168,17.806590159385813
147.90964579154308,32.23550015986616,6.029806885980983,59.364601616040375,59.82945551620669,12.426969024626398
49.21704490133188,26.400407990796197,7.088068333798143,46.42124251607312,61.3766187377989,9.410898877666684
97.55789068433506,19.969564313699564,6.3988585184027595,74.49580366739357,136.25475091538206,16.830885109084424
85.61970363488719,19.225005500240044,6.915873382936125,41.95122396678963,46.63215094212857,10.07087257478498
169.01474832729028,32.31388458767087,6.759207927461575,45.52493416715933,80.12312708793385,14.510546162614675
126.57976801209968,18.944654587416924,6.429238329173395,68.22172408756305,59.570262665781534,11.689743026586031
153.41424199062448,22.77039441427215,7.670158846023536,74.6052994101797,101.75084014641979,15.946503826947348
96.51212982409967,23.68021068852628,6.0910554711628855,82.4184580039942,98.00952807921058,14.602042295566582
64.08580826771653,20.940905568257094,5.660812303248109,49.44708436304226,113.06270085643983,11.86502069590647
113.18771805237522,23.336187286633816,6.963044558287553,40.86838570582938,79.14908607435423,13.754616500194818
39.5725884156263,30.625773634326457,7.399619659400562,85.67047295469933,44.48610251294481,7.012733844608363
154.1446757988873,18.249608340521203,5.304659723843802,43.18442366517355,126.014054914926,15.67734103881497
124.74965986830972,32.06194821685167,6.36904498989897,45.47635005949589,92.32052040352919,13.091438184221982
143.71316101280607,32.56131640076749,7.520467993187048,50.440461038598684,131.1868998236065,15.693773946281038
83.17889521948025,24.32844674425632,7.149008409199455,63.05774176339324,55.213375912597584,12.455284313277147
175.6047036592355,20.61141928403079,7.778700062893833,81.78975499980614,41.92882974116705,14.71632991387075
163.96816819832966,28.214286935066376,6.581675910152834,75.30893920468296,74.76119470394099,17.036370023224627
146.7575245610643,20.034433449703204,6.915988868882993,72.53235035365967,103.91662521916732,16.810066754513485
59.195806177795134,24.203629138330292,5.986448730958613,44.28457009636819,95.17007638358541,11.972099693736634
100.00815055905512,34.29329607531653,7.66359255913158,53.95717947087664,153.4423577382853,14.085012094853008
36.57056486808432,34.92289603392183,6.152472270246994,60.35546108259393,92.89727018699536,8.092810368237036
53.14342381013218,31.125783153027953,7.1201278529852345,42.81357553473605,114.26176514443105,10.872524425891234
132.4573429863682,23.286345668653027,6.248164530709613,49.49177421271364,123.09218294190691,17.853657606755895
141.71432338617257,29.690305835823573,6.660729218163798,51.34165980950074,43.05639483041362,11.387881790833264
175.1264598651315,29.991908213228214,7.07143459105602,41.74563851143908,112.11867275846646,18.142343139763817
78.87380372072279,24.593308817782045,6.523228794553521,64.16270367113765,88.2763763158373,14.191637753111525
85.56895590523033,28.89510678796471,7.558424449964722,72.36649441578223,98.97921787565565,13.245076648659415
100.43337169137119,18.182369964586496,6.290182568612307,38.706376468273646,54.040235789335036,11.304622235398456
58.42070386264285,21.553980196238104,6.882386675172645,60.49952439344693,149.59487919081033,15.010179986649977
49.48822580032075,26.92650115044344,6.090142326580141,76.45719334919313,171.93659511319316,17.46208733634345
101.35573893389007,20.78377217239103,6.261207337400634,74.64347683447969,43.117634888144,11.615242486795724
64.03640235763262,20.82041675390107,6.344130281407236,78.19887409959397,124.1921867935887,14.71213100995091
130.47209920237657,32.21717293935404,5.527098247611942,58.75675355804218,146.93816942037012,16.72916544016739
95.5727878308496,34.8152610456213,5.438481565553418,78.48952537991262,79.87306241098452,9.80199240285548
154.90172940867564,27.451480276483622,6.935473800181571,47.75991277435628,150.25778188085036,20.904303592117117
135.03976530033736,32.26418542498913,6.904346119691936,54.12295975512831,128.52970710728218,17.318517415572543
76.85499620730616,34.83546829354663,6.923565256946247,44.34684555014347,170.0827685179498,13.872533009490292
154.83897020928015,20.407130105669168,5.251392757890999,59.7766805897143,177.3406735895282,21.23336740561197
150.71465362452028,25.620175425323968,6.049021790946628,55.77918118801849,45.92845595981867,13.80565790096117
88.12175685452617,24.67373616931264,5.714305602873912,47.76913716995855,102.29128654378087,14.545563279615195
73.24921558953662,19.360837821985147,7.223193698614432,74.84437758923141,116.57829026095055,13.204832609047067
132.3743255962463,30.840612937510656,7.437639043629938,51.63387892191727,60.54405264907135,13.039952150138683
50.96287254139647,25.37424346448408,5.841368980787983,49.45862949772929,87.08001625983064,12.973203660337253
59.986230371266245,25.97855788123682,6.936407813004765,41.93718753507624,178.27064268590465,17.187065128673975
31.10434046265083,20.561440554825083,5.536343288991514,58.257550195503285,42.272263887946,5.319990828271388
148.03865662532075,21.07575308792476,5.915396566564455,51.05712532837701,103.35111041341378,16.378752728785045
129.72762848880484,33.42076157665566,5.560501690206891,54.571460591071336,157.97164704054745,17.465774831794448
135.77480679395026,18.759034512562742,5.937153993157996,47.507854918889294,85.34617678070038,14.426317615845074
147.10935465329518,21.958488844043007,6.954315023108123,75.44724096045472,107.17179038572147,18.198598694055473
98.837366330751,22.96500861534698,7.566849966481657,84.29017740980001,176.9264044103172,20.272951516958056
115.31117939293406,26.33335822082697,5.726558260602884,61.39038819781105,106.48275710659854,16.315580590467743
50.96954971914862,27.969567941251533,6.60940549087187,69.07891643706412,58.328983700509866,11.1112811109327
47.179511030396014,26.385929589461334,7.023616863232924,80.96013066015541,47.24100883329475,10.483373577300846
130.26044426857075,19.429960687466995,7.677598418062471,87.9379707786839,172.3583201415928,20.776783818806543
100.66443092146987,22.14234671894713,6.786157255506652,67.51637369068109,77.2133178585092,14.05460731489104
114.78541597217833,32.3410025409632,5.86327802067119,82.15831172661305,110.56894691903713,15.51216465511788
144.74982861240383,28.8390079081338,6.826243207976234,83.15623706744903,52.69824725259561,14.509739184827826
125.20774800008863,29.035533852282665,6.033277020362842,76.94692885380398,99.3117168770847,15.791681616444516
113.03691009869938,29.393455340973034,7.73793381579844,59.42936372687484,170.21477269501736,19.42089203418759
113.88107411181203,30.969351323671994,6.239157951425456,39.30116202246666,110.33781910833137,14.668345846444959
75.59251470939182,18.987844189264603,6.982112073978637,35.83769443832709,175.9589212523259,16.85554350125326
34.622675185190914,24.23234254385441,5.260391714101572,60.291633563995006,76.23698921323594,9.524676683411458
95.50760838485435,27.171966399448536,6.240159759950364,61.19867027733474,110.6363335585512,15.099624351056733
62.18770092292938,23.753760216054545,7.47527979463853,56.59020655673753,160.33431085330554,16.15933536651844
91.27929655869542,32.35614084588217,6.786591355526439,65.11286961844232,102.75532963752413,13.961753227601784
158.0104609902249,26.203732645983997,6.354251504629539,64.26462327513464,79.12823229982655,17.390932878503104
65.09092287980111,31.066669020809446,7.633437498532887,79.34049117473273,159.76655087850344,14.087033377498596
38.745411253359904,32.484263786979874,7.420359377982796,40.758826472899905,94.58452564216526,8.308571559977008
72.20758380329949,26.58145520935947,6.03776075193964,46.934416303593906,114.30126074843277,15.363804114068094
74.03906366500254,33.46238814581295,6.615825845307483,77.02926388486041,176.7137892981204,16.09145840934148
129.28747720903425,27.98110698912867,6.473543065840403,79.9353539628537,66.10766126582095,13.712554138823537
113.55482285119174,32.45466308017327,6.843726500298642,87.72568332190599,82.19608914082599,14.754920214650506
147.58473136596203,23.790043525055914,6.068689294092764,81.26433686851546,44.349744009777595,15.257744591186162
129.64703104910814,26.47988829503525,5.83493300199131,82.16464737483355,94.85727938740737,16.670380377264383
90.95802921601057,27.03398769707782,7.572946771664394,51.66044095938496,68.02568028188034,11.390367772044108
152.1030576999052,19.7846551702332,7.602073698696117,56.28806660249695,135.2048909571048,18.664816995597352
55.045937986155586,24.77539261392619,7.392639502981146,49.208510555489205,65.38500422721933,9.672642188620303
33.40681097007907,33.59474043337849,7.743331519987859,67.13386810421392,134.47378533682178,10.942375732868339
43.507179116346265,28.72414808620062,7.13697796702719,84.75668377297303,76.88655994650448,11.351712909227112
138.35390258946754,21.017611901428445,7.188134794261199,53.26596698511574,89.73049677696797,15.58125757347562
99.28158453770811,23.760545805363286,7.1827342391028655,64.52109443971686,88.84049128649565,14.420957502044939
54.190766855040266,21.257251164265895,6.449579840449997,50.70388041403471,140.34524502290532,14.466658432585104
105.15671626550453,18.421993240575734,6.386775705737106,43.999398609953495,105.31129683936803,14.388021943392648
52.84681540697527,33.76682779456846,5.824588317987408,45.34483308038875,90.58184583937563,7.915430042317648
134.4480562616604,25.619524580366814,6.876529905334155,38.071103260520886,159.367180665523,18.669535656613526
96.9234413361046,23.228096231153366,5.95223235386607,85.31255671949064,120.07308758976838,17.189419345545335
87.15318391447238,28.17411225648152,5.870301865226121,56.35261925090437,69.93631497891968,12.48589415125981
75.22681337218148,18.124345756981267,6.723499572649742,79.20840727611173,166.01277894011557,17.006079535044975
124.54238896783326,22.726375812213835,6.265954209385113,71.11046205255363,87.97104144470968,16.176247903413618
84.27189158300857,29.951568916881172,5.7690271828660435,45.17182155478753,45.45711285522486,9.190335398184747
43.14748789741515,28.77408614217747,7.32174564355736,44.29949906869165,109.2440313564234,12.016040666014613
47.7008853180773,34.6907011082231,7.437481790165378,78.03537468005888,57.35132762172289,6.219752875955407
174.2846496824272,28.54608106418675,5.636018751162231,49.02972066283548,73.38530212020396,15.684427403339232
166.28710360614105,26.117599851671457,5.2195182852799995,83.40411473620472,144.59552217623755,20.494199790951217
134.95607007161243,30.94435357412813,6.073937918176371,42.422936448543005,58.3052538726846,13.883694368795163
69.88049421892794,33.3565738233889,7.273528172769956,70.91855656608689,152.972191409565,12.843377216889536
175.37645660215858,30.251831094211976,7.3818520522092435,78.1671154296395,171.16702033833351,22.54719271112967
146.8126355948692,34.374590800339455,5.559655582301728,47.468588586029185,124.91449405711225,13.405677956539876
137.53352837384932,31.294087902549013,7.213273343075933,49.638990263198,139.4502868831961,17.190909155296495
97.4042253215683,32.73562445045275,5.500830835004517,86.11950096537768,139.90212538703844,14.902034887908101
70.83623427677385,19.93976921012183,6.214162734406976,49.02367308334639,178.9931140178623,15.707074307060395
44.45864432302489,30.45102955089439,7.796384739030981,57.78772364470254,87.8153567082272,9.54880267100631
165.39035948157624,25.481507891965265,5.700736140400366,57.923326441845404,62.79991717397834,15.52079512229077
98.36644347504166,27.402764640991677,5.600305314701829,48.41084174627323,112.68341288800501,13.324188747762385
60.35450471928455,29.119740961200065,6.299280864621663,76.1169275811658,114.65497337643914,14.55912237755167
75.89349362259787,34.486856983994684,6.81113816752164,75.90801519114522,64.90774836146022,9.798260926286826
116.8829353412844,34.73782738433762,7.625542034274458,55.050854753860634,125.83531865917953,13.84573362896317
56.515917440884756,22.89988017329439,7.750134978385889,79.2616669272789,41.97746268675536,9.125014919925162
158.49214261385632,30.473809456444577,5.381065655137626,46.29297152314713,169.87357634359103,19.900537404303744
143.7779294752815,30.749720144899566,5.558793545104554,35.22820611038697,77.04039889497663,14.311102762562145
137.91944339264052,23.890378642321828,7.255918732129584,65.27187018895427,45.538429174626856,14.786292306031415
94.81395596626555,20.105786172691758,5.903643595904237,87.68612193997606,55.15492180647999,12.749210976888167
124.09632610536647,18.696098324857235,7.500607554716538,37.04814842082489,73.63485275914984,11.234796939769634
117.61469533691033,31.214833167996034,6.924978468795626,46.02389790654841,78.34686360484633,12.922783841137344
127.47699023322299,26.324895610887403,5.490796486189761,62.502476051815464,44.593399929682015,12.898106355595388
42.666648170983365,34.75418288141374,7.364576140802418,77.92685903157815,79.10967370712208,6.084604448885582
92.37111032559145,25.9045487552921,5.658526588020997,39.71922626897782,67.0118431090875,12.09560888729999
36.24212607928387,34.62458864425528,6.3010880261671,55.9474366492214,93.00692984083261,9.427056729230681
104.09862288667784,24.996792037299016,6.635680814254258,74.59501743338397,93.92348322983568,16.012338603027594
79.4791818499178,31.492596559519534,6.501991987608724,54.69179004553716,87.46108368440306,12.707611592537049
51.678628329907035,19.441927629301144,6.984023580599391,45.008330285208864,85.90934369429857,10.305386398750391
45.510445158382744,27.442849072341986,6.8969855106600635,45.361278852019126,52.56237888377517,8.881951944352338
118.1466858266568,31.635016378757314,7.779309214372942,56.732585706494696,43.528692597662705,9.999511648104379
55.58894528053291,33.71992834273811,7.798496963982888,60.40910496471223,68.29600202190532,6.312345094489151
168.76801775651958,31.983912540496338,6.542794446852667,80.67616414424873,145.93091983832613,19.48752347294579
117.15917095505924,18.62850236241996,5.4475176260982465,69.03937818410365,178.7133671771571,19.583726467566127
82.03047068022556,24.335939802214483,7.092392577318668,71.59130358932157,169.99366450802606,19.628686390081043
118.63732372221251,18.827874029335472,7.739326603363132,87.09832009140307,110.5907097752876,14.310730572196066
33.420580654454625,19.857798948947487,6.027648607835453,56.827702335951614,114.4553398089108,12.195753510285972
173.7838819862168,29.48019568734723,6.399143103177692,56.3777833722038,84.04141966501795,17.051625576349355
102.34551554143503,30.12538933729887,6.3044200045201855,83.93738928946806,148.35152140927187,18.194881457125618
147.41028408754295,31.153251606777648,5.333689801848016,48.03140611126811,147.0659363105708,17.922855791766526
42.40949998836579,32.71276131694627,6.947887521180957,73.68020805405193,158.19813006154226,14.488894463409878
102.99874962572405,30.570334964100667,6.1186780071780165,74.99237632556114,165.3706408075638,18.529649849662505
103.60604915317813,31.614817065812744,7.247406074041906,40.18276386460848,100.8088947515414,13.752238383198248
170.67396824624743,18.832383066995746,7.363512195733163,59.81626450175995,147.36257953500768,19.80571017787142
115.75920785641131,21.987097557502075,7.335200045154398,45.629810980042365,152.895822031423,18.381260453146062
101.02341015854307,28.572262147379178,6.2833315949036885,44.82488945853174,83.18434714968502,12.758043034278979
70.04634946378404,32.588130178621995,6.0360187738263384,59.58288985453244,170.093914160861,17.041852607980452
79.73534960138284,18.076502123974205,7.146934027134343,50.33977449792744,53.207810369551765,9.287021143252005
108.10086037073067,26.748698815977946,7.28361252799108,77.19120372417116,179.1976850828596,20.88888408549628
95.83671904575701,29.513885789194752,6.4772693606175515,83.10305924369557,147.8127005422417,16.712565586094318
33.24181198204956,18.503323915186424,7.521880650794388,77.54419208028338,53.057926745405815,6.6245484956894405
153.9437886291537,24.823044478407596,5.574162609804252,49.09963624894826,131.87215073470009,19.80489245947301
164.42411577596502,33.225792983522844,7.485578827113296,49.52912286549624,44.78511752995642,11.659939282713884
51.03736334979162,29.417417750549596,5.449847605726892,48.50060255622577,147.8261729221856,12.42915258341426
113.10542153085741,22.040192177130155,5.599166357341996,42.15701909098051,151.89120903226774,18.3012127087558
46.28636117031653,32.497279203742515,6.587984034512297,85.0213135094967,124.33743543280268,12.190381915620387
130.83601395597174,23.916534197961745,5.375548048487279,56.308533302324676,159.96045486831986,20.32135580986818
72.18506757585125,32.50685940944901,5.337298463640287,46.90854215093131,53.70365923008036,7.409220547383481
128.91339520378529,23.082042069021394,5.201348734830835,79.8735656769369,78.62933788571385,14.790917847460323
139.04919214303237,28.03544426501353,6.334423315205084,56.15735104086289,97.98485302297388,17.452420920419193
145.29712378764856,24.74798115171318,7.214022091359798,36.861190988812325,45.944113395933755,12.61418244299652
46.16114189338448,22.67202586283614,5.290579710727781,43.58290322323045,102.75025225996326,10.27176494107055
167.4017767706412,33.071478556921775,6.8958697768112245,68.880268038877,77.12988385575923,14.703255712826898
64.53209863423211,21.189092592971353,7.340131025282085,76.49397953110136,94.98290169424541,13.189133663705245
35.61188342642697,19.441797051007974,5.636802206302465,46.17952258990179,99.5143684789229,8.910650256753767
113.22787040872251,23.812757955276226,5.581845710535651,83.62196623110555,163.1176426882759,18.600849627386744
85.63834257936581,30.199865509906648,7.438082531413394,80.10284736276472,77.84773587386947,12.690928171562167
154.46846146986198,31.72633730159679,7.340123985870246,79.96417996523729,165.12403802027808,19.76860516135002
151.23772080964528,34.978637291135,6.601248592286886,47.06604078035835,99.63593507379889,13.186848613675489
77.57083392340729,23.038154969189804,7.329919686164349,37.67840739845306,85.89308089715804,10.692183039486387
172.93490926046175,24.935013169231798,5.441165801303686,80.97344759257693,110.35168690692045,18.880748258395656
73.63767572101779,20.325961726503646,6.225651946640761,51.20741212314407,98.48406009079756,12.691537155480404
107.25856938475718,27.77282280359157,7.118273645876569,67.80256820219688,76.03212382772045,14.515958867409191
68.39476358514041,34.95886063346959,5.869375094242304,75.2782448361387,110.37510547144937,9.995308702767659
170.4065355073445,29.914977172051195,7.156055177527238,41.799542701089365,61.25224263103638,15.82052457738324
54.69117263730272,28.118618287027317,6.510864371416116,76.38443278950953,89.27019202321526,12.01399419328553
36.736592908849346,24.670274579670497,7.150691568665406,84.74110732493648,119.21063071237268,13.231638054561659
95.26455900045569,33.56007892485443,6.408167058429057,73.60387318455969,97.8771542145802,13.48280066990519
178.85633460837556,26.447582134215942,6.156551284576726,58.38480566946958,155.3477305471115,22.490959313477827
163.7515899382371,20.284237526322045,5.7698919628444445,81.46394135384026,75.94104661492327,16.01221328634903
142.29120291854238,24.21143387438527,5.741786287731039,62.95525439384562,175.7680210363414,21.484666361613364
163.61887363177874,19.141833370412037,7.15387610748563,74.47285917428798,149.8610829191892,21.16055581289223
164.0169959546795,21.433643640709285,5.509166904888297,78.48681502450601,175.4630236396461,23.364509066551285
107.82875405796736,18.300369276998506,5.423554110288458,74.71570167004731,157.33911767624258,16.337046699994087
77.38935777461896,25.705758580502778,5.658357549057539,50.25630843055216,59.89454961922998,10.889931133366478
145.80186481664822,28.78718450418055,5.655900929780197,41.24572674800905,113.70441268890193,16.804751494966435
129.24918947516414,23.835971860441433,7.340079819297939,47.63194205618919,63.79699296741,12.945370198645756
86.04865933105651,25.14649011558971,6.236117221032952,61.65237165995872,154.55182936781603,17.833050376630407
44.17000020922729,34.30655763835779,7.775009989137255,61.77967688153408,121.78270088566143,9.1888599150204
142.0184417023539,30.783373066773564,5.556749270255592,65.88015051367049,76.88290400996681,14.983259860829742
69.3690773884297,27.19456282806417,6.899203546803473,55.940397390038214,170.14385608100397,18.388327831712516
170.5219725800669,22.83719487690103,6.366696718723252,76.70524321685147,56.1260474639965,16.263935830877887
66.14558625085272,33.24894557914092,6.221587259412392,83.39714876840202,118.94073648598396,12.515931396754896
48.4136898617229,21.99665098697121,7.475218917540614,48.07642783441197,140.94567765334156,14.210629434148688
154.66690081873594,23.530826418783512,7.736548679153839,74.03573053820006,48.23879522654045,13.70598443901871
52.992647493674106,33.454101845190124,7.469433292812864,70.93250818488737,123.6998446488685,11.54792220311424
56.89024622366087,27.00221493984623,5.699981765491346,62.72379646180369,154.22617016483318,15.777885405495198
119.90741872812653,30.619405140105606,5.774074595143229,44.99210239533049,49.45382401852747,10.475450109752694
161.18430612561968,28.042661500784025,6.905792085647165,77.14730970488361,111.71401595492779,18.412877882792873
59.465199857185986,29.108466553161417,5.951617312259298,85.91319313832813,76.19800494082361,12.734754594782201
76.54855093501422,23.089515955752034,7.110285340029508,73.2573256083815,132.80942321516892,15.958883553987741
146.61072573617662,22.10332504765327,6.672693692105076,83.6465798211639,56.61483139103829,16.527075065983084
175.7739639091451,23.482369901867308,6.6323627980750475,87.16181904224399,171.18720029387097,23.70997142453038
105.11117793035135,20.642506589418183,7.354222004580842,53.65868573467962,165.26200144006245,18.17810181799061
51.58462538268762,32.863344209943726,7.047385206530962,68.82584830509586,66.03641878259928,10.083055341547052
32.09044315623023,22.81519786525194,5.269102188992958,60.11843509481813,85.25722381111464,8.956071437482207
64.44840449982829,27.545319705044538,5.328593756579641,87.2913235837512,122.26889645142603,13.060533033280999
49.77333266797815,31.463565227403357,6.764051976385641,39.97181467240942,140.52872712879508,13.796758190569173
131.6488010419286,31.32500985938713,6.464099396617916,56.8558704577529,101.97184212243616,14.726463690553862
48.27487569427967,25.452566395931278,5.876480103891778,81.40356935994352,61.880785074536504,10.75442806576896
105.94948974309494,26.09637424597434,6.288505827018485,50.05471945790532,54.58120913240202,12.082217073126635
134.13936534643295,34.90992973189542,7.170566828705438,76.75302108386026,179.96714716800815,18.22978848112243
117.16749138313536,29.46815710864341,7.349189860110618,55.28750762735355,103.74929700208821,14.237162591285808
59.96634774900865,31.848853533004004,6.659179976514115,86.93886261417839,162.15444488078975,15.814516409850922
150.6186789273394,33.34341747672694,6.201960650228468,81.82708133045651,107.53264064807603,16.401450355607523
137.31106944237024,31.389027215898764,5.903811579887279,50.96997895611861,169.13006939644046,18.43727355936933
140.84760058733127,21.14804886421065,6.556988024000059,75.82023501750632,52.28631358801708,13.868170246160727
49.658662733596984,27.556902473538727,6.018349008267391,52.85339682316324,55.96268678683714,9.247627496320707
48.56307054755169,19.73220067434726,6.6666473563227795,67.13723053142337,170.1485062813914,15.020193120804446
169.13438265097614,29.09967615158797,6.9592961945250575,69.89948072484447,172.6490263062699,22.28634391706635
89.6367290737411,34.240940279192785,5.371805948390427,78.96855668154237,84.06044264515087,10.107261837464684
75.14230376714096,26.716445093101893,5.202775409059143,36.29589456674679,89.72308417914206,11.069751737184475
103.28760680273,25.36053237875204,5.751920560985932,46.66836823107188,103.34303287686612,14.65013333547657
129.42963191453737,18.609326774108773,7.525729894068831,72.73164396119466,98.26263520942072,14.612538324598582
173.3434885570455,34.31616687959675,6.880355984394254,64.86673155938547,66.60633023434353,13.070394145703622
72.96693403230825,19.7510456302127,5.6470969150362595,61.26706914466058,165.77255375151242,16.768812163852925
168.72126439680406,18.698344586182397,7.514686300741409,37.926127705522966,75.46306409879011,15.246189929430459
33.72892370793845,22.183132395583954,6.421885444747084,53.45862182345718,138.73813732687123,13.467460668336983
113.2797063490237,19.1140173766125,6.437838567364517,80.85031229126436,49.401794882896205,12.50455145070403
125.09626675216276,25.73700332099996,7.632409053990903,36.637320362909705,45.42518641398013,11.428222469552955
45.88461056261299,26.773492621370913,5.354665399676684,56.011120474335044,131.52226616076888,13.512086700388176
51.050939559586894,23.313689133485926,5.759463514034668,85.09285924655094,87.46222006025644,13.424070142008187
92.86714789744558,18.86632820377306,6.723005445402278,37.696678930885774,131.76431498080018,14.994002582097039
174.93478682147725,19.897206260236853,5.708264924913211,74.73440480536576,53.16296830363625,13.925485926421581
119.40638298515593,24.53657442582878,6.96677022394329,48.653468657647934,172.97919318822088,20.454475380311468
169.9534832400317,19.028983664051115,5.7566399522754725,80.93026810414463,144.79202536503334,21.135548783562736
150.6541373419456,29.869225335368526,5.457808123556918,74.54160288484636,162.67741262361187,20.111485246903957
100.10724023329372,21.519349205921802,5.738161415066184,81.94237405549323,59.10587756623153,13.2870345314527
147.7145173878281,23.135216669321856,6.299108489107362,46.4440138928571,84.82253564500172,15.715952821894309
32.67551759654816,24.700138212027657,5.657959577850008,63.15851600538606,91.56818298888817,9.947374189580348
46.371599514860236,25.082363762175515,5.550199264800703,76.30130700946444,115.2041707657546,13.441825316143436
154.41429223241045,18.02823203047161,7.436732904169246,48.02208637873399,81.561587971038,12.723215431569708
149.52256324877425,19.905196306977857,6.033032729353001,47.2295541791625,48.48830390651672,12.932648502470162
64.89611129496505,32.66699758359493,6.13797258494746,36.440653075372005,91.6429733032459,10.787781174244783
109.61543858985803,18.020962062702438,5.343703064703192,85.80131058069898,75.6369040478195,10.805145682618507
120.90237310500164,26.638845048818876,6.1291610211053404,72.63089464289504,94.02898080485008,15.259562900725962
160.16084306640167,26.321534110622537,5.888498661036107,68.6846987625398,67.57433596680367,15.550312190703865
120.46607360080885,23.662600737180842,6.78726117508865,74.43172030283452,76.66549243906297,15.178426225109032
91.88573539105205,25.332559342489645,5.734014773948258,63.17548469085828,127.77332766051762,15.955475366408823
86.1276065110774,31.269879337951934,7.509750177963385,60.23509251779175,94.34153684092911,12.916168735808752
93.88231295602648,32.30046300565426,7.617133214390844,58.82520877954661,88.35367504372888,11.860275876277177
127.78965383699612,22.42592523805925,5.459560748659655,68.94327824149299,114.74678858113221,17.11235960421089
160.12359476284874,23.482337496451407,5.479247686350301,45.68135369579631,148.0604757181496,19.988606668793015
98.08453231144496,22.12220850148166,5.499848739088569,82.0671108357881,93.04151388871401,14.64249735297329
67.17593444270372,26.157677809368106,6.810880066406812,78.02287567462105,122.25272895781768,14.805165552944555
65.49935444963717,29.61539208019982,5.51711930694502,53.526871406957795,175.26836755154469,16.920308560528873
141.90214203651698,21.88029888287815,7.416194026618692,65.66629273106379,113.0772159765271,16.552437841082266
152.48531451358656,23.622507614932733,7.161105938838521,42.474446897350774,167.37166071245622,21.621867463466383
45.79171197811874,33.81653849901556,7.331503031418862,86.5343511404807,151.11416739589976,13.654963915728516
39.98382854327672,18.82567792739829,6.567757369903655,82.85331244440502,48.22061543102096,8.497299529688044
119.16504956346778,25.833083289072626,7.791360749949799,83.86056784445762,100.07384200569595,15.576680342031029
51.92598662890474,30.096486707145225,5.31485526765482,52.60464152828294,137.76457710160236,13.128137041508172
153.6996285684512,20.557718196477058,6.243288906883895,43.964139491291355,178.13966774274797,19.350442674782617
76.55020108861117,18.805358340093193,6.0422353392378545,46.22392466371445,104.17268076261176,12.48406461777039
51.5807899456714,20.349491317855023,7.666478296652866,39.770073725389764,52.989963577743524,7.4865987726921475
168.14557087311752,33.61999429002161,6.6998384920937415,41.36586339537337,118.68128445980149,16.23156820437334
54.829758410291724,18.157416290959098,7.296096510156286,38.77914031179681,57.71893089735444,8.014405430016696
72.70801235069032,21.20147357179298,5.642887103512149,87.4606226678583,145.21273843911507,16.29151134979603
53.04200927880879,18.531819719327956,7.744448774141141,38.9250572185609,111.0747796446489,9.351210350193362
47.32350954980325,19.880700948557454,6.49646282187842,42.02473029042492,141.28039157282012,13.456460716148532
33.172202450466,28.542537872681038,6.4835473983036795,78.84449356630904,161.71065576299333,15.771687114896636
38.309311374639016,22.107861448564456,7.724300294218918,65.75273148737598,128.0527224027888,12.69290257178088
56.1962206403779,27.676604857321507,6.189904139164577,76.04411184217462,125.74150609544542,14.890280185440476
38.00728989407631,28.033321507024144,6.233565063842981,68.43833641195071,145.63984136154838,15.49818114419547
118.67157241664569,32.440400662526244,6.7203570272928355,81.75527872743424,157.94370020337345,17.351834412368973
132.10717901992598,18.080603679501856,5.532936787424246,68.83877897153124,161.66753007878037,18.37703418374152
89.04456852480423,32.507280808820234,6.034822628670823,62.672629923867,45.10022739560366,10.024708660928445
77.69866454280742,28.525024469258558,5.702341638357339,72.77573376934888,117.8666415516905,13.451749638687527
105.67893555333451,20.766639263784278,5.468537045678329,58.7118158449818,70.2777033716572,12.37292553734084
161.2507413351913,31.13993559829983,7.451975976460652,53.34138261395094,160.44842470944968,19.192273015494504
157.6697440233309,32.54335621043996,6.732261031931438,59.78557997986126,130.77567592847055,17.44755008022072
36.52125930191879,22.322479223820675,6.13254925797257,43.99484757022371,98.83114706454134,10.554382227687777
57.22476143947861,33.619492575345575,6.262540381153453,77.21830167954265,66.33459193698918,8.525060744394692
65.5117306656594,25.725776315077184,6.321949409587122,48.81730041080507,87.46330762877571,13.731936373491635
67.40813637483177,28.258215723666467,6.846187873576245,43.137171955863515,138.52887723563146,14.076630037795004
115.68489776141591,34.73904207149994,7.609600417871382,48.05666881451102,68.61033632962943,8.30647069622562
92.43936385547883,24.14611333686639,7.625227011108155,79.6297180439287,53.10161234737218,10.806835508585038
37.3881179891391,31.82370887894192,6.217879146779724,52.50066866667976,164.32402615185714,15.09084608276011
86.04212076893575,23.412785003083812,6.056082394954201,71.3606430838127,146.98944894121635,17.190087285659626
108.56294230764559,31.58662987810535,6.372720900481664,80.38971042475418,67.97129029213856,12.652670800483195
45.2507854355574,28.212476620664923,6.67662899911408,39.12046734702723,80.92361608019883,10.073423604197467
155.01878306828394,21.678046818831824,6.400726569769345,75.54629347443628,176.089824798324,21.972815102687306
37.79427996976564,25.038443594417018,6.912758865523422,51.306269718088586,139.14582814627641,13.985209798978213
168.72628035270932,23.39980578418055,6.641437460787385,46.48098530175426,125.47308058993546,21.462470658480644
44.86697123698133,19.327842682366185,6.033860421404598,71.51177698000753,83.06798795937826,11.397331468004666
156.5362427396629,18.507191091694857,6.098900094982845,83.2192210048614,81.87752018331312,15.33205995452894
165.39797158914257,23.890137141922075,6.184341247655301,50.63601806175696,45.53330661663227,15.35027723195246
176.9356020879889,18.323580512897273,5.446063397448411,65.14819168536891,141.9874613662704,18.62233773771118
150.30388204103903,20.813291878890176,5.63176284427633,50.36120803402305,46.04453150796384,11.778727071769096
146.92163111569934,30.32811645446477,7.080095885578004,64.37713604350068,40.68002728881906,13.543918491342447
126.37249139933215,30.037551006620994,6.211651449957408,67.95868762468004,142.1293123005371,19.119773458883643
146.84945318671936,30.555866569775503,5.757801328656374,67.34777560587952,172.84232600087756,21.317831778844397
50.18283126197206,23.39160390920964,6.662948267494629,68.04795759106554,145.91042668182348,15.352908594481864
110.4102053921456,33.13033077100082,7.164402810430911,42.15922898752878,106.02962668741301,12.555157267959851
107.13343052856217,28.09511931648361,5.869298142097966,71.75764488809614,108.04633493852222,16.335487688441404
158.63582161838363,20.14244780969265,7.349653693001736,70.76176888815183,101.05909917087475,17.406971244173892
99.41990483902738,20.44321724474408,7.611512635025129,71.1771704774948,85.45011339544672,12.700604913585796
87.76342441505302,29.782622257804924,6.753225775591986,38.92573929515144,113.03998998601763,12.741961028183372
125.93449068556652,20.94004691951533,6.939263913378107,58.682458647950085,100.3611339997561,15.854535619774936
69.9694976251269,26.623975926894737,5.336697574839945,56.67886199842367,123.74350320570846,14.758311369284048
50.96526164309353,34.860166090788084,7.658351716656957,39.59570863308956,165.73681127015323,10.446782176903971
101.68159110356187,18.06812928046677,6.220460309088854,46.78550017853097,179.30131842533345,18.212215137238303
92.53340528923275,18.281856632258467,7.602141041418117,58.371019485295946,51.024060583608396,9.454949501865764
64.88549107933105,34.882437892818615,6.705341564350631,74.37403442247836,93.8556861725878,10.193813524504641
85.1267715172692,27.938860180280813,5.212008876992652,47.56429008018715,65.29886740735333,11.121915356434677
84.95886747393712,20.157469583814724,5.300209198240933,78.9767452366203,89.29686634957471,11.97130453316577
79.12433466188182,33.25413739581959,6.969088894741797,63.92730914419156,80.24622259677922,9.166673123770874
86.91961195903934,32.966465102170766,6.662936835963026,75.30234931478472,64.43519842775036,10.039205356733097
132.86150181839182,27.11540702289338,5.268984336735794,60.04546711685343,146.97064747898065,19.069519528131313
74.5314711856928,28.570464507632863,7.132995899178201,61.457293947377835,109.48042399609302,13.449273556710422
172.32868900730105,22.6441822555149,7.4155778763798725,67.84512763712092,168.6943815104116,21.93691361780659
167.45220293072668,18.85883483832409,6.490685454342201,84.18244223278867,44.56294205458203,13.288293245157783
102.13656424501178,28.107649351144694,6.410969344928863,61.06606681488422,49.37692183847859,13.236034592447888
79.25418075070331,23.01083828444697,5.214230082970031,63.01884951973942,96.45830161024817,13.32059838586064
110.31521847450047,29.281557793225982,7.245289252483358,66.90583906695906,51.238824856565195,12.486331236150274
157.2840733160437,32.216168006324224,6.0598617735398745,74.08830227677947,76.78214349807669,15.64297464312231
127.8881010840153,18.30872924654419,7.484785411434602,38.80806778077042,178.0441640307273,18.626716880774957
150.65877419206163,28.127134169657367,6.169957527650938,62.331434241664525,69.25434504784597,15.414257491330845
109.90834140986102,21.93176917467649,6.669202567639834,60.524354227920306,67.7364837976927,13.362668104736132
124.9376443901431,32.85610446436462,5.9028886493182515,83.84930416459123,120.30969363139927,15.44550633907924
73.22334212736925,22.312296611551083,5.617529612720789,61.15584876312607,109.71976071104194,15.550331271525533
140.23397434654362,28.383092265002112,7.214760548791453,59.82098833879954,121.26136160839827,18.130173973382494
60.36068896885775,27.410194281523395,6.491135245000332,85.9965993923392,92.74293894919654,13.105428061320428
134.21971932277472,24.73483050100723,6.594868601755852,58.88055257084672,155.7467303852926,20.638491475070914
159.10786024888412,29.519552981196497,7.710081479052512,44.586874807070785,59.401277201944794,12.734190390820473
49.81542559523159,30.338083790162376,7.7053077717775995,46.49655450870678,99.9749704178052,11.207940182541169
122.15696108128797,27.637942520429576,7.424669516426249,40.044939531859626,136.56665878217217,16.62083748428594
44.26436223449019,30.89317803214082,5.687784161189088,35.03011085072406,161.55310163960596,13.924114519106544
138.85734424071404,34.71809029187994,6.745109005184108,57.89312003302554,91.74002488994608,13.607536672081425
42.673982823528036,25.127630594313686,7.483183304104397,75.76985680880574,119.48438387312538,13.619557218925168
170.39097340509392,26.747911882054026,6.173606234767238,73.8737214683913,49.67959230101661,16.080557341257038
50.611189505670325,18.211987925000624,5.462876031432521,36.70390165355106,63.84467233565606,7.320114412582259
173.83203688636206,31.532485457276433,7.308503545823797,65.20909389048374,49.67934274525603,13.89193332023864
150.1326264127645,26.843911139781895,6.4525852335416465,43.177005646914225,141.90332487979305,19.274765588868785
119.05230066995311,24.93534431612961,6.667420968933865,84.87704309252896,80.3283956210997,15.482802112773378
147.39361569443201,19.599223372519727,7.753575170426395,43.8703449811415,141.3243406268573,18.35564127519327
149.2672258474629,33.124159168481754,6.778749719284587,68.21187853796653,49.29575906605844,12.193133007302066
171.90405942259954,24.71512308068946,6.304946402731863,52.290633194695005,160.75669205716557,21.727485478111156
68.00750307587808,29.603887169556746,6.161959356402714,69.00275027611067,156.97422773555283,16.093968318064217
118.51138430374638,20.539360658258563,6.285810160900518,56.84970561259598,52.45002402703957,13.218021202811872
44.25737963466018,34.34634370219756,5.507837616264539,75.26108177223892,43.325910904006115,5.810725461596637
122.42485500361819,21.033509950971126,7.266351451885686,47.225993642376466,47.88043381747877,12.233286370046233
55.69369561391832,21.392213879291337,7.3780638312863065,83.00696820445579,159.50822424054275,16.066230545454285
114.74259172086627,32.602708629481135,5.9394325498908636,61.511111413607665,72.8584884672654,12.307601925825656
115.86457710507746,33.51390665041283,5.989871207865855,75.0729368287812,116.75826450014641,14.005782246159706
99.8977729471841,21.606505927896123,7.473269066470515,80.03570014426504,99.67418844520795,14.523609548950134
108.39476632696842,25.986615098972074,5.262322924372684,87.93791638060466,151.37357367200428,19.131333587470213
144.58850850098818,30.46941337756811,6.553189353794792,46.86912027647979,108.44576220589389,17.05553800263411
149.88670747681,32.93221747478363,6.405556858171902,50.20529791886311,110.09251769257776,14.895215887826213
103.82298233631437,24.44389581563419,6.9943296009039955,48.272953596790074,178.47287152998632,19.053200109180406
119.93901622839185,26.789331276440297,5.624818420388582,48.93218060446848,61.018137944896,12.999570658574543
169.6854353535153,30.609178978835494,6.9376599260674,65.869571301587,156.2985514244304,22.144389443629468
47.96003827516842,30.429311603097524,6.179508420474678,87.65669372672969,47.24496438454387,7.765371854753496
47.565534885016575,31.310322210443445,6.808658423241069,87.48473861591599,106.8708277402159,12.445642452177736
43.15635178661526,27.68887491690595,5.304247025669217,62.91898126220231,164.0868753506233,14.0657984016667
128.67949275607918,19.778456645681178,6.400490712679725,68.86844214402771,133.12995518457697,17.445786343993046
92.79124511855693,33.36754594492668,6.557852324354167,80.57843881618513,135.93004671125863,14.654475156250705
146.14821242127647,32.71473316845748,5.757248647422966,84.44547329803578,76.86441951590797,13.86384015731737
130.68471199628888,31.56765640891166,5.563021500865714,45.80461324846583,98.6004707906036,13.566934127842499
80.04566374923573,19.697662111732402,5.690033187831983,63.012711633950005,91.32134888986707,12.260364251271234
164.75498210423035,21.474755240384297,6.094766802964705,79.14036389706015,113.00204942211919,18.897149608216562
144.37982206059786,30.641206206830084,5.4517063881929255,51.06971006163336,104.71191022011354,14.41295892755203
70.58024113652635,18.39338160789309,7.663031468896971,58.309879251464736,85.7657692627785,10.709785407512417
84.62880266580811,34.64681877302375,6.252984559889125,87.23791838013642,82.76728573196381,11.073418377294127
77.16599703063943,24.411459566046574,7.303320966517547,87.20747492620616,75.1194048317171,13.574061781106115
53.641747293749944,30.228313072744,7.733484520083001,83.02366097055463,91.10661456386617,9.826156570822922
52.16750588132875,33.08870850429673,5.409911728007122,77.31776227588705,60.99180691076849,7.788351742546456
170.4191195063616,24.708708098551398,6.894340616630984,49.263916538308706,162.09460228050034,22.577712377044545
95.68560557981299,23.425252306194324,7.4656636255271565,52.00505392556094,124.29671485667983,14.781820450035017
87.49797341661147,28.348599191270196,6.849009528313493,64.00599058385836,58.73009958313976,11.78542523717098
139.4528563016067,27.87681935371686,6.315467915529273,64.72120085178665,137.1403067892602,19.20472794486616
112.948959787935,24.955379619621553,6.3207985298586395,61.79164942592455,158.67330551971625,20.78693675004582
170.42099802576934,28.230170849751044,5.293337103619133,68.74352483556422,73.25499408731625,17.316415859633217
147.04522408640884,33.90148328263041,6.589961953352116,56.64112019954841,61.08408320721695,10.875964277382629
101.90543461868106,25.949884362652142,7.783211791645803,74.70623033772324,41.20641599872529,12.783526916238296
86.45392102212392,21.344617072760734,7.692639567527028,52.67814610335283,46.61504743990791,8.958020448480545
177.9947317386483,24.412501709011067,5.3050379949896245,52.52588083815668,146.7151887624916,21.3801388291154
137.66403540054654,24.699818704083015,7.035072209436669,41.742975980266884,178.20608648583715,21.78887377078986
172.67919900057618,20.228847781445737,5.98458865341202,45.001747131532724,46.28324514667872,13.454231532137912
47.7717865825562,20.768815509427434,7.547771798855955,80.07760658283195,144.72993427118496,14.780514843982381
157.58005187861738,29.63755524769251,5.317298338844124,58.6529639447634,50.06070321773441,13.157595922859926
125.56108259868114,23.771121821551347,7.633272665228809,47.07699268730019,122.89859548651336,16.92867477957174
48.28825175026689,34.233272661548725,7.3774369338482195,75.24507830118654,145.8505395399533,12.09671327925173
118.2386999953831,22.141144671096328,5.505511393856764,64.36099966829354,90.28861561748327,15.528841724150556
132.9144547658173,19.68171658678198,5.355543277024978,36.12126860543455,41.530860955492926,10.660290702381282
31.845402883290426,30.809577571004382,7.370239927250033,51.767157238845904,123.32650929755962,11.009327760209262
98.14769427626199,32.97761288260379,5.604969944533907,44.381074789431075,178.7742479396039,17.086015404684122
153.80992667944815,22.727927066815294,6.5907351977372635,69.76126163209055,76.0664391973894,17.040930436549775
74.30385380161349,21.435497727973125,7.580936630484644,49.576645153403405,66.52877880621021,10.821943091845998
98.78221226978266,21.15802429280848,6.675365095228241,38.442179298127016,57.34962498549209,10.954647040127153
96.34711906018399,26.87420912323071,6.232806583829342,37.911554427476474,117.73578678600785,14.593115211277276
75.28910871637373,25.963082901195108,6.35704174262038,65.83154679181189,123.50231391043828,15.199706229424711
167.76628432733312,22.410477277527082,5.364104643830065,36.15134315231675,150.91791720385635,19.357435760856667
147.19410531472738,18.76794298882025,7.7187560355401565,79.9859819962127,145.43025830687134,18.867873622844115
46.58826164941657,26.185352785546772,6.007700881210815,43.236047320635606,164.9558092713122,16.46906062775587
179.55519867563595,34.30864990980534,5.69234507834942,67.14801576535777,152.8081777679222,18.596831490062613
161.88000364616178,29.092826412795276,5.943722984785028,58.56846548456952,74.61739163112222,16.92760874783621
72.58626567960584,26.423611462686512,7.707370306717845,58.47113062529083,117.82283668260655,14.736371902305347
155.53448694914073,19.881765258503474,5.445143739068818,38.80524854508243,81.6376742731012,14.627127128494195
45.96292978070743,22.291416939342984,7.454987905303071,77.54586926124742,86.16995313721034,10.741937202709801
179.8657095711358,23.011157142767225,7.040394125443764,82.33178169192239,170.4722116921995,24.917096090910082
129.85271041598054,31.001660394322982,7.358049865813474,35.58388337136411,135.4654267093903,16.152381200065186
127.51875233381955,32.90408355349853,7.737333604956531,44.46602131194724,176.4426578551548,17.237566054566884
43.56610904761991,33.327911510629455,7.389602104343867,82.90692200616039,98.36775514062424,9.462146569883902
164.5550098344938,34.73766634026282,7.652794113322417,64.12316147840308,115.24126026955672,14.153481192887533
34.349925480670414,34.700233612777055,5.530031667656392,42.952097647155135,108.19615878829904,6.500370919515342
66.12420870617206,34.200985257055684,7.269050269434122,45.74789398828542,55.02018805332177,7.0929624389368096
51.45328127499525,19.220976388549033,6.618756804610724,69.97927094456705,73.13827923372446,9.665496268333285
146.51519110383276,20.342490110772687,6.613088547207638,73.41529157908427,113.8690904846275,20.12474789257743
59.73063408193468,23.17593095009256,7.537196098433335,66.76962085473657,49.43240271862088,8.755392059120139
166.59573406963278,27.399270319095844,7.7266899284814485,85.51686413536387,170.40467010324448,21.380569043208126
128.44035589912352,19.648624107993147,7.032579639912271,61.185370994074184,57.33811547207191,13.196743191893228
35.42440657420443,32.37854828263642,6.455639812626638,50.914411343553915,67.717304498367,8.75301551416024
30.81447511930507,28.484855044314255,6.386650030544798,60.29334422871722,147.1449713514091,14.228030374894653
37.748687552159836,27.220194839137484,6.2044877887802725,54.06231356433038,53.57083585050392,9.36145742451494
120.88877664715915,20.81029249724395,6.140157476888923,46.894042311758376,166.03893394615733,17.82385200683383
150.2222716289123,22.305343064803356,6.217917788379522,37.43605221502742,141.598135901155,18.805700399460836
65.78292309410827,20.725304424698386,5.433358411653108,53.66726215895159,49.60691999524025,8.039834109838566
157.41132643846095,32.48286368251158,5.40133382167714,72.70469542861633,136.85858857999142,16.291659920432554
38.58479102298906,27.931873621040708,7.22766159406801,35.97720355238527,128.42799590398448,12.555167711975427
150.14457804625144,30.49720026783377,6.359789521592588,58.276461199914536,146.02892058358862,17.723765973119733
169.16931452584205,23.032558669470436,7.619779670216014,69.13249827684302,155.947699348507,20.368502561311747
145.8162598656571,24.311294830500714,6.791774622344276,67.35141778623827,140.5690788442417,19.786642686612204
134.7181175967956,24.882534395251074,5.291457553679492,76.16236710210194,122.06468133793607,17.16677462786252
155.69703279830748,30.920254519648594,5.6095606874254464,77.95754492996926,85.14486460144887,16.01311764531587
36.02269493205996,31.130000790467655,5.73513146183382,72.72040850872756,137.61831265619008,13.011907597415252
60.267316607858305,21.51582996773854,7.736913663413118,40.44827789567172,173.97602184830913,16.157990409714536
48.73855189584646,34.006160564547685,5.768630987994251,60.17618953223112,122.2530492740424,10.958452251732421
105.67964852894798,20.05114073654267,6.540964758348934,66.98051574684325,133.00828158079554,17.59155684230316
141.7782192493267,33.234075401201714,7.63406002226451,48.01500005690093,101.19792590797209,13.423324629564409
124.5017766864598,19.70672597604676,7.740701097777329,37.25524633527915,145.85691336403042,16.531333450569132
157.66966496429023,22.497176789572286,5.814537131997216,46.850287006430484,179.67343492740903,22.324498076931224
53.28194886616363,32.39013511315527,5.327705873750104,59.109403291829864,62.45450536948305,7.568540533948156
140.19316379027424,21.051365229883487,5.599364764598172,56.938306909893846,68.33673913052672,13.807949195353775
58.956223630335614,25.030654832269487,5.3646540446266515,44.363350010339566,115.52128621301452,12.510483663033375
70.61381269767003,25.647608099050146,5.707323026840075,78.69402376222513,107.39255561663215,13.774745368085512
136.4857045921956,22.169402541394565,6.6782812582297115,84.0613934430464,120.01976983094063,18.998115569510972
177.03071773480227,30.07416842271177,7.572366870368668,45.67146090979391,46.870366681398224,13.575725657278186
121.73154089656043,32.47268903983746,6.596769097605284,84.26736452506275,96.59870388626285,14.205632135177156
38.17504724869434,32.86777737754472,6.82757284741761,35.946630836284584,121.61695668917851,9.76404250306861
122.44634548912992,23.768476477521535,5.724854854184807,84.02301105346811,121.92678918269478,17.100032342306918
36.35258273702507,27.024456702892845,7.2815174137520104,85.45222587428812,132.02675464757232,14.865976032126541
162.62185670502257,22.222908865716075,6.806251162114516,35.63874873984403,140.83024406037293,19.826270572293975
136.4367427650931,22.16154052635247,7.446755755901084,75.44002272916765,129.8166084677199,17.77554038115114
55.96917696337549,20.74131906848271,7.6669920782150385,86.4206833462017,150.63404175452092,15.748247864526245
43.75815087362971,33.98032318372775,6.10454201696714,83.01281759734225,127.46648885584283,11.090828794470026
57.529984332047846,33.09581008629486,5.435505552192143,86.44763854339928,115.25107275520863,10.428895339113863
177.00407693312889,31.215098126570766,5.787415290583635,64.16714580197488,124.86750004429352,19.55619331084005
98.78409636877348,26.800245861891394,6.338388070757176,39.14227541392558,54.167071345466525,11.33830525060268
147.6121422512112,26.340334563701823,7.65880349474363,80.03882748366692,78.2419157015728,15.6110784917401
125.46125131616652,27.005676325102463,6.183605538170879,67.53289755787762,113.83596929213837,17.422045071867217
115.8619724937956,27.121656230810515,7.204010355529961,67.58104744197932,162.218210156239,20.30165517128703
51.769538199757456,25.387572439860737,6.605239399643963,57.11444132251037,135.06721788031905,14.905654331815095
171.90366803371427,20.239832159165147,5.675302803120539,65.30762475561878,52.65713098606566,13.957996000394193
75.20139487720769,20.136285498765112,6.0339087092789745,43.13972829156407,122.91849306221661,14.200925510773432
116.70258237113133,34.188245169376614,6.898298901059329,74.20781140800597,71.04331826919386,10.98853426732346
134.96639168835992,26.19452291296796,6.9494188261807235,38.975917289631745,142.7623183704212,20.096324624824387
127.38497328679634,34.20449392338821,6.33037534170352,73.67838065332097,155.8417193512246,17.01883171066013
171.08916145432778,20.78080692107187,5.794478566921498,79.99585639911726,123.08387816259626,18.18945762702576
52.2658484880087,27.42508138467887,7.076957626732958,60.040839910917875,122.79076536523937,14.047218157974672
106.25291076704131,21.531193306976167,5.639069908193059,62.02100940102362,87.40280204951397,15.241457135759065
90.60515861111489,22.304138304152225,7.6353411988493285,51.54735646487015,102.47500296258332,14.570866464559574
101.12530942239272,18.510927838940038,5.688549305494839,86.38130493745615,160.97516953414836,18.909721320754397
47.88262892966169,20.022206282583593,5.479012143364553,73.8555971516559,141.2648463354019,13.098908647116058
50.1141914809148,33.586422929696326,6.493884026149985,54.55639332491828,112.76551235741803,11.09774438946542
71.7113318671886,23.46606085519964,6.550828955085205,44.264791470349266,91.55253407477193,12.305209745136201
75.7056905641247,28.338196602548056,6.5213015784234365,46.637718386710844,47.05316336039761,10.21852588080023
94.1854820522025,25.90524024381764,6.335335472280983,59.58788116383265,60.021036185693916,11.65399180757115
121.64813205549424,24.80767116916973,7.786518721356981,84.9561252166599,67.02352653551189,13.458555485519076
125.19436761273946,27.042063552883157,6.464329592943513,73.90975632532866,92.27369605621446,15.872304919999934
91.77163448783554,21.183062058460806,6.442661109923561,46.40791865349494,172.18011059067845,18.85538819431831
91.31746641430456,34.8062662748328,6.29659176305786,80.5567400712016,110.72147528022481,12.808821911574665
62.644279004544295,31.91123376796567,5.373746962223803,55.0446277195131,72.87762285629235,8.988043447077882
118.24593726135123,30.60744875643576,6.741687240989002,80.14127568588349,54.80501924461197,11.85799249159724
77.55613669758569,25.968908049237193,5.792716207780274,47.81007869299994,87.36277344441496,12.422988914201772
35.40897514160456,20.59891107614771,6.85778334859553,67.78901243262483,154.20228897714796,14.163184888602558
92.76000662352905,33.65131959065065,5.332167001066041,84.11353586830793,93.6679910774711,11.873570240127755
101.11990126352555,23.80358014548937,7.751606463257804,48.66838248483309,148.15081284313789,17.49767883239935
63.83893023063165,18.851813724847872,6.419413205432948,71.72510930105031,152.37869665776304,16.20901304769779
115.86868996831736,23.82086250578069,7.531563966135815,87.32756885772862,55.51490775781858,12.861794664641584
114.86578506478814,31.505769518430036,6.436459050405631,42.981709223879186,125.21236536774973,13.431779696134278
135.3003271665557,28.586048664799538,5.356860128292976,39.685321407135746,174.2734488719555,18.180643228400967
127.19227233018151,30.764255940662615,7.337755219843897,70.73234519957526,96.29933048649755,15.899241468083392
127.86495847815473,31.491801525660414,6.8852776971345495,53.006005230698605,47.13217246042312,11.233411311055553
77.43212277360647,21.603228388369224,7.2325683236922576,38.775957300429326,169.262376636103,16.301105666152615
148.11483329789309,33.704316373584064,6.313241645123071,60.19119774783102,163.71327942014761,19.627372614348808
112.37165753995191,25.445823249646335,6.858635535041277,74.94984602112964,113.09980260926025,17.934263455986162
94.71272927698351,28.863232037490796,7.4261954098711795,50.111487222005,117.31543684816135,14.554660472773213
123.90187214115856,18.039249133974614,6.8407701514669075,52.75748450777214,69.64375438865748,12.22588591501275
84.09860016753814,34.887264472990026,6.103951450573349,79.82206823428953,154.7231057762492,14.262546762530112
106.91088669101373,22.775238561390637,6.9225769453521195,62.56381134985887,109.8040053748977,16.137801962005266
